"0x8d21c8","Item 1","Item 2","Item 3","Item 4","Item 5"
"0x0","0x0","0x0","0x0","0x0","0x0"
"0x1","0x1","0x2","0x3","0x8","0x0"
"0x2","0x5","0x6","0x8","0x11","0x0"
"0x3","0xd","0xe","0xf","0x12","0x13"
"0x4","0x1","0x3","0x5","0x6","0x8"
"0x5","0xb","0xc","0xd","0x11","0x0"
"0x6","0x14","0x15","0x16","0x18","0x1c"
"0x7","0x11","0x1c","0x1d","0x96","0x0"
"0x8","0x1a","0x1b","0x1e","0x8d","0x95"
"0x9","0x14","0x16","0x18","0x0","0x0"
"0xa","0x19","0x1a","0x1c","0x1d","0x96"
"0xb","0x1f","0x20","0x22","0x28","0x0"
"0xc","0x27","0x28","0x29","0x2b","0x86"
"0xd","0x24","0x25","0x26","0x2a","0x5a"
"0xe","0x1f","0x20","0x22","0x27","0x86"
"0xf","0x23","0x24","0x29","0x2b","0x0"
"0x10","0x2d","0x2e","0x30","0x0","0x0"
"0x11","0x34","0x0","0x0","0x0","0x0"
"0x12","0x31","0x33","0x0","0x0","0x0"
"0x13","0x2d","0x2e","0x31","0x33","0x34"
"0x14","0x31","0x32","0x33","0x34","0x0"
"0x15","0xad","0xae","0x0","0x0","0x0"
"0x16","0xad","0xae","0xaf","0xb0","0x0"
"0x17","0x8b","0xaf","0xb0","0x0","0x0"
"0x18","0x8b","0xaf","0xb0","0x0","0x0"
"0x19","0xac","0xb3","0xb4","0x0","0x0"
"0x1a","0xac","0xb3","0xb4","0x0","0x0"
"0x1b","0xb1","0x0","0x0","0x0","0x0"
"0x1c","0xb2","0x0","0x0","0x0","0x0"
"0x1d","0xab","0xac","0xb5","0x0","0x0"
"0x1e","0x90","0x0","0x0","0x0","0x0"
"0x1f","0x9a","0x9b","0x9c","0x9d","0x9e"
"0x20","0x9d","0x9e","0x9f","0xb8","0xb9"
"0x21","0x6d","0x74","0x75","0x76","0x0"
"0x22","0x6c","0x6d","0x6e","0x6f","0x70"
"0x23","0x64","0x65","0x67","0x68","0x97"
"0x24","0x5d","0x66","0x6d","0x88","0x0"
"0x25","0x5d","0x5e","0x5f","0x61","0x62"
"0x26","0x5b","0x5c","0x5f","0x60","0x63"
"0x27","0x20","0x23","0x24","0x27","0x86"
"0x28","0x0","0x0","0x0","0x0","0x0"
"0x29","0x0","0x0","0x0","0x0","0x0"
"0x2a","0x5e","0x5f","0x61","0x68","0x0"
"0x2b","0x29","0x5b","0x5c","0x63","0x97"
"0x2c","0x29","0x31","0x5b","0x60","0x65"
"0x2d","0x5c","0x5f","0x61","0x68","0x0"
"0x2e","0x1d","0x5d","0x5e","0x67","0x0"
"0x2f","0x11","0x1d","0x5d","0x62","0x64"
"0x30","0x62","0x63","0x6d","0x74","0x75"
